id;entidad;tipo;subtipo;pais;ciudad;web;tesis_resumen;evidencia_agro_food;ticket_min_eur;ticket_max_eur;instrumentos;acepta_minoritario_sin_control;ultima_operacion_fecha;persona_contacto;cargo;linkedin_url;email_publico;via_entrada;angulo_pitch;red_flags;conflicto;score;tier;confianza;fuente_url_1;fuente_url_2;fecha_verificacion;estado
A4-001;Food Business Angels (Eatable Adventures);red_angels;red de angels especializada en alimentacion bebidas y restauracion;Espana;Madrid;https://www.foodbusinessangels.es/;Primera red espanola de inversores privados especializada en restauracion, alimentacion, bebidas y servicios gastronomicos. Foco en proyectos seed y early stage que necesitan hasta 250.000 euros.;Red promovida por Eatable Adventures, aceleradora y VC de foodtech con sede en Madrid. Eatable coinvirtio en 2025 en la ronda de 1,84 M de Neboda (agricultura vertical, Galicia). Acuerdo con Crowdcube para completar rondas.;20000;250000;equity|participativo|CeP;si;2026-09;Jose Luis Cabanero;CEO y fundador de Eatable Adventures;-;-;formulario_web;Productor de microgreens KM0 en Madrid con margen bruto 74-77% y pipeline del 77,5% del Ano 1 ya identificado: exactamente el perfil food que esta red busca y sus angels aportan red HORECA directa.;Red vinculada a una aceleradora, puede priorizar startups de su programa. Sesgo hacia foodtech tecnologica frente a produccion agricola.;ninguno;92;A;alta;https://www.emprendedores.es/noticias-de-empresa/a76737/eatable-adventures-food-business-angels/;https://eatableadventures.com/;2026-09-21;nuevo
A4-002;Eatable Adventures;aceleradora;aceleradora y VC especializado en foodtech y agrifood;Espana;Madrid;https://eatableadventures.com/;Aceleradora, socio de innovacion y vehiculo de venture capital centrado en el sistema alimentario. Trabaja con startups, corporaciones y gobiernos y opera hubs de innovacion alimentaria.;Coinversor en la ronda de 1,84 M de Neboda (agricultura vertical descentralizada, Galicia) junto a Clave Capital, Unirisco, Xesgalicia y CDTI Innvierte. Impulsa Food Business Angels.;desconocido;desconocido;equity;si;2026-09;Jose Luis Cabanero;CEO y fundador;-;-;formulario_web;Rootflow es CEA operativo con ERP propio en produccion y roadmap IoT: encaje directo con su tesis de sistema alimentario y puerta de entrada a su red de angels y corporates.;Proceso de aceleracion puede ser mas largo que las 6 semanas objetivo. Ticket de equity mas que de deuda participativa.;ninguno;72;B;alta;https://eatableadventures.com/;https://startups-espanolas.es/neboda-levanta-184meur-la-startup-gallega-que-revoluciona-la-agricultura-vertical-en-espana/;2026-09-21;nuevo
A4-003;BAN madri+d (Business Angels Network madri+d);red_angels;red publica de business angels de la Comunidad de Madrid;Espana;Madrid;https://www.madrimasd.org/emprendedores/ban-madrid;Red de business angels promovida por la Fundacion madri+d para facilitar financiacion semilla a empresas de base cientifica y tecnologica de la Comunidad de Madrid. Organiza cuatro foros de inversion anuales.;Red generalista de base tecnologica. No consta cartera agro especifica, pero admite proyectos de tecnologia aplicada y el roadmap IoT y el ERP propio de Rootflow encajan en su criterio de base tecnologica.;10000;280000;equity|participativo;si;2026-09;-;-;-;-;formulario_web;Empresa madrilena, tangible y visitable en Las Rozas, con ERP propio V72 en produccion: encaja en el mandato regional de madri+d y el angel puede ir a ver la instalacion el sabado.;Foco declarado en base cientifico-tecnologica y deeptech. Ticket promedio de 280.000 euros muy por encima de la ronda de Rootflow. Entrada obligada via Startup Radar madri+d.;ninguno;70;B;alta;https://www.madrimasd.org/emprendedores/ban-madrid;https://business-angel.es/directorio-redes-business-angels/;2026-09-21;nuevo
A4-004;Keiretsu Forum Spain;red_angels;capitulo espanol de la mayor red internacional de business angels;Espana;Madrid;https://keiretsuforum.es/;Mayor red internacional de business angels con 53 sedes en 27 paises. En Espana opera capitulos en Madrid, Barcelona, Andalucia, Euskadi y Comunitat Valenciana-Murcia, con foros periodicos de presentacion ante inversores acreditados.;En 2026 ha cerrado 11 operaciones de 94 startups presentadas en 11 foros, con tickets de 50.000 a 500.000 euros. Sectores prioritarios declarados IA, salud, biotech y software B2B, no agro.;50000;500000;equity|participativo;si;2026-09;-;-;-;comunicacion@keiretsuforum.com;evento;Foro de inversion en Madrid el 27 de octubre de 2026: ventana de tiempo perfecta para el objetivo de term sheet del 31/10 y permite sindicar 2 o 3 tickets de 20-50 k.;Sectores prioritarios declarados no incluyen agro ni food. Cobra fees por presentar. Ya figura en la lista de identificados de Rootflow.;ninguno;69;B;alta;https://keiretsuforum.es/;https://elreferente.es/startups/11-startups-ya-han-conseguido-financiacion-en-keiretsu-forum-en-lo-que-va-de-2026/;2026-09-21;ya_identificado
A4-005;Faraday Venture Partners - Club Faraday;red_angels;club de inversores privados deal-by-deal con gestora CNMV;Espana;Madrid;https://www.faradayvp.com/;Club europeo de inversores privados fundado en 2011 que permite invertir operacion a operacion sin compromiso de cartera. 64 startups invertidas, 49 M de euros y mas de 200 socios del club.;Cartera agnostica sectorialmente. No consta especializacion agro, pero el modelo deal-by-deal con ticket minimo muy bajo permite sindicar la ronda de Rootflow entre varios socios.;2000;desconocido;equity|participativo;si;2026-09;-;-;-;-;formulario_web;Ticket minimo de 2.000 euros por ronda y decision deal-by-deal: la via mas rapida para sindicar 100 k entre varios socios sin comite de fondo.;Sector agnostico sin tesis agro. La parte de fondo regulado por CNMV solo admite inversores profesionales y tiene proceso mas lento que el club.;ninguno;71;B;alta;https://www.faradayvp.com/;https://elreferente.es/inversor/faraday-venture-partners/;2026-09-21;nuevo
A4-006;Catalytic Ventures (Open Value Foundation);impacto;vehiculo de inversion de impacto vinculado a fundacion;Espana;Madrid;https://openvaluefoundation.org/;Iniciativa de inversion de impacto de Open Value Foundation que apoya startups que combinan rentabilidad economica con generacion de valor social, medioambiental o tecnologico.;Tesis de impacto social y medioambiental. Rootflow encaja por eficiencia hidrica de la hidroponia, KM0 y reduccion de huella logistica, no por cartera agro previa documentada.;desconocido;desconocido;equity|participativo|deuda;si;2026-09;-;-;-;-;formulario_web;Hidroponia de precision en interior: ahorro de agua frente a cultivo en campo, KM0 real en Madrid y empleo local, con retorno financiero via participativo.;No se ha verificado ticket ni instrumento concretos. La marca Catalytic Ventures no tiene web propia operativa verificada.;ninguno;58;B;media;https://business-angel.es/directorio-redes-business-angels/;https://openvaluefoundation.org/;2026-09-21;nuevo
A4-007;SeedRocket - Club de Inversion;red_angels;aceleradora con club de inversion y campus para business angels;Espana;Madrid;https://www.seedrocket.com/;Primera aceleradora espanola para startups en fase inicial, con club de inversion propio, red de mentores-inversores y el vehiculo 4Founders Capital. Organiza el Campus para Business Angels en Madrid.;Wetaca, startup foodtech, gano el Campus de Emprendedores de SeedRocket, lo que acredita dealflow y apetito del club por proyectos de alimentacion.;desconocido;desconocido;equity;si;2026-09;-;-;-;-;evento;El Campus para Business Angels de Madrid concentra a decenas de angels formados que buscan ticket pequeno y proyecto comprensible: Rootflow se explica en dos minutos y se visita en veinte.;Perfil historico muy TIC y digital. El acceso al club suele pasar por el programa de aceleracion.;ninguno;60;B;alta;https://www.seedrocket.com/2025/05/07/business-angels-espana-ecosistema-inversion-startups/;https://www.seedrocket.com/eventos/campus-para-business-angels-by-seedrocket-14-edicion/;2026-09-21;nuevo
A4-008;AEBAN - Asociacion Espanola de Business Angels Networks;red_angels;asociacion nacional que agrupa mas de 50 redes de angels;Espana;Madrid;https://www.aeban.es/;Asociacion que agrupa a mas de 50 redes de business angels espanolas que representan a mas de 2.000 inversores privados. No invierte directamente: es el mapa de acceso a todas las redes del pais.;Su Informe AEBAN 2026, elaborado con la red de business angels del IESE, situa alimentacion y agricultura como el segundo sector de mayor interes de los angels espanoles con el 23%, solo por detras de salud.;20000;95525;equity|participativo|CeP;si;2026-06;-;-;-;-;email_generico;Usar el informe AEBAN como argumento: la mediana de inversion de un angel espanol es 20.000 euros y el 23% mira alimentacion y agricultura, justo el Plan C de Rootflow de 2 CeP de 20-25 k.;Es una asociacion de redes, no un inversor. No aporta capital directo. Su web tiene la cadena de certificado TLS incompleta y falla en fetch automatizado.;ninguno;57;B;alta;https://www.aeban.es/noticias/informe-aeban-2025-nota-prensa/;https://finanzasygestion.com/equity-gap-informe-aeban-2026/;2026-09-21;nuevo
A4-009;IESE Business Angels Network;red_angels;red de business angels de escuela de negocios con foros agrifood;Espana;Barcelona;https://www.iese.edu/es/emprendedores/business-angels/;Red creada en 2003 que reune a mas de 200 inversores activos, clubes de inversion de alumni, family offices y grandes empresas. Campus en Barcelona y Madrid.;Acuerdo con EIT Food para conectar startups agroalimentarias e inversores mediante el Foodtech and Agritech Investment Forum celebrado en Madrid. Elabora el Informe AEBAN de business angels.;20000;desconocido;equity|participativo|CeP;si;2026-06;-;-;-;businessangels@iese.edu;email_generico;Es la unica red de escuela de negocios con foro agrifood propio junto a EIT Food: Rootflow es CEA con ventas reales, no un prototipo de laboratorio.;Acceso preferente a alumni del IESE. Proceso de seleccion competitivo y agenda de foros trimestral que puede no encajar en 6 semanas.;ninguno;78;A;alta;https://www.iese.edu/es/emprendedores/business-angels/;https://capital-riesgo.es/es/articles/iese-business-angels-and-eit-food-join-forces-to-get-together-agrifood-startups-and-investors/;2026-09-21;nuevo
A4-010;Esade Alumni Business Angels (Esade BAN);red_angels;red de business angels de alumni de escuela de negocios;Espana;Barcelona;https://www.esadealumni.net/es/inversores/sobre-esade-ban;Red de inversores promovida por Esade Alumni, fundada en 2007. 48 M de euros invertidos, 317 startups financiadas, mas de 250 inversores y 20 foros de inversion al ano incluyendo foro en Madrid.;Red generalista con tickets desde 10.000 euros y ticket medio de 130.000 euros en fases pre-seed y seed. Reconocida por EBAN en 2016 como mejor red privada de business angels de Europa.;10000;1000000;equity|participativo|CeP;si;2026-09;-;-;-;entrepreneurship@alumni.esade.edu;email_generico;Tickets desde 10.000 euros y 20 foros al ano: la red donde mas facil es sindicar cuatro o cinco cuentas en participacion de 20-25 k en pocas semanas.;Sede y masa critica de inversores en Barcelona. Acceso preferente a alumni de Esade. Foco historico en tecnologia mas que en produccion agricola.;ninguno;70;B;alta;https://www.esadealumni.net/es/inversores/sobre-esade-ban;https://business-angel.es/directorio-redes-business-angels/;2026-09-21;nuevo
A4-011;Red de Inversores Privados y Family Offices de IESE;red_angels;plataforma de family offices e inversores privados de escuela de negocios;Espana;Barcelona;https://www.iese.edu/es/emprendedores/business-angels/;Plataforma del ecosistema IESE que conecta family offices e inversores privados de alto perfil con startups y proyectos con potencial de crecimiento.;Vinculada a la red IESE que organiza foros agrifood con EIT Food. No consta cartera agro propia documentada.;desconocido;desconocido;equity|participativo;si;2026-06;-;-;-;businessangels@iese.edu;intro_calida;Perfil de family office que valora activo real, deuda participativa con downside protegido y TIR base del 33% con apalancamiento publico 1:1 via ENISA.;Perfil de inversor de mayor patrimonio y ticket. Acceso practicamente solo por introduccion de alumni IESE.;ninguno;60;B;media;https://business-angel.es/directorio-redes-business-angels/;https://www.iese.edu/es/emprendedores/business-angels/;2026-09-21;nuevo
A4-012;IE Business School - Area 31 y Venture Network;red_angels;ecosistema emprendedor e inversor de escuela de negocios en Madrid;Espana;Madrid;https://www.ie.edu/entrepreneurship/;Centro de emprendimiento e innovacion de IE University en Madrid con la incubadora Area 31, los Venture Days como foro de inversion y sesiones semanales de pitch ante inversores.;Ecosistema generalista. Ha acelerado mas de 3.500 proyectos. No consta vertical agrifood especifica documentada.;desconocido;desconocido;equity;si;2026-09;-;-;-;-;evento;Sesiones semanales de pitch en Area 31 en Madrid: acceso rapido y barato a angels madrilenos con un proyecto que se puede visitar a 25 minutos del campus.;Orientado principalmente a proyectos de alumnos y miembros de la escuela. No es un vehiculo inversor formal con ticket definido.;ninguno;55;B;media;https://www.ie.edu/entrepreneurship/;https://www.ie.edu/entrepreneurship/ie-entrepreneurship-innovation-center/;2026-09-21;nuevo
A4-013;BIGBAN Investors Spain;red_angels;red nacional de inversores early stage;Espana;Valencia;https://bigban.org/;Red nacional de inversores early stage fundada en 2007 que agrupa a mas de 200 inversores en 20 provincias y 13 comunidades. Socios individuales, redes, clubes, aceleradoras, family offices y fondos.;Ha financiado mas de 300 startups a traves de mas de 17 vehiculos de coinversion y mas de 60 foros de inversion. Socios institucionales CaixaBank, ENISA, Capital Cell y Oracle.;20000;desconocido;equity|participativo|CeP;si;2026-09;-;-;-;-;formulario_web;Sus vehiculos de coinversion permiten agregar tickets pequenos y su socio institucional ENISA refuerza la logica del apalancamiento publico 1:1 que plantea Rootflow.;Sede en Valencia y masa critica levantina. Estructura asociativa con cuota de socio para inversores.;ninguno;66;B;alta;https://bigban.org/conoce-bigban/;https://business-angel.es/directorio-redes-business-angels/;2026-09-21;nuevo
A4-014;Angels Capital;red_angels;vehiculo inversor de Marina de Empresas vinculado a EDEM y Lanzadera;Espana;Valencia;https://www.angelscapital.es/;Vehiculo inversor integrado en Marina de Empresas fundado en 2008, con mas de 40 M de euros invertidos en mas de 70 empresas, con foco en emprendedores del entorno EDEM y Lanzadera.;Ecosistema vinculado a Mercadona y al sector de distribucion alimentaria valenciano. Cartera con negocios de consumo y alimentacion.;desconocido;desconocido;equity;si;2026-09;-;-;-;-;formulario_web;Proveedor premium de producto fresco KM0 para HORECA y distribucion con marca blanca: encaja con el ADN de distribucion alimentaria del ecosistema Marina de Empresas.;Prioriza fuertemente empresas pasadas por Lanzadera o EDEM. Lanzadera ya figura en la lista de identificados de Rootflow. Geografia valenciana.;ninguno;58;B;alta;https://www.angelscapital.es/;https://business-angel.es/directorio-redes-business-angels/;2026-09-21;nuevo
A4-015;BANC - Business Angels Network Catalunya;red_angels;red de business angels con foodtech entre sus sectores prioritarios;Espana;Barcelona;-;Primera red de business angels de Cataluna, fundada en 2002. Ha inyectado cerca de 10 M de euros en mas de 50 proyectos con ticket medio de 162.000 euros en fases semilla y arranque.;Declara foodtech entre sus sectores prioritarios, junto a biotech, industria 4.0, movilidad y construccion sostenible. Es una de las pocas redes espanolas con foodtech explicito en su tesis.;20000;162000;equity|participativo;si;2026-09;-;-;-;-;formulario_web;Foodtech es sector prioritario declarado y el ticket medio de 162 k encaja con toda la parte privada de la ronda de Rootflow en un solo lead.;No se ha podido verificar una web oficial operativa en la fecha de verificacion. Geografia catalana, lejos de la nave de Las Rozas.;ninguno;63;B;media;https://business-angel.es/directorio-redes-business-angels/;https://seedblink.com/blog/top-angel-clubs-and-investment-networks-in-spain;2026-09-21;nuevo
A4-016;Sitka Capital;red_angels;club privado con mas de 100 business angels;Espana;Barcelona;https://sitkacapital.com/;Club de inversion que da acceso a mas de 100 business angels para startups que buscan financiacion en fases tempranas.;Club generalista. No consta tesis agro o food especifica documentada.;desconocido;desconocido;equity|participativo;si;2026-09;-;-;-;-;formulario_web;Mas de 100 angels en un solo interlocutor: eficiente para sindicar varios tickets de 20-25 k en cuentas en participacion.;Informacion publica limitada sobre tickets, fees y operaciones cerradas. Sin tesis sectorial agro.;ninguno;56;B;media;https://sitkacapital.com/;https://seedblink.com/blog/top-angel-clubs-and-investment-networks-in-spain;2026-09-21;nuevo
A4-017;Araban - Red Aragonesa de Inversores;red_angels;red regional de business angels de Aragon;Espana;Zaragoza;https://araban.es/;Mayor red aragonesa de inversores privados. Conecta business angels con startups y proyectos empresariales con potencial de escalabilidad en fases tempranas.;Region con fuerte peso agroalimentario. No consta cartera agro especifica documentada en la fuente verificada.;desconocido;desconocido;equity|participativo;si;2026-09;-;-;-;-;formulario_web;Inversores con cultura industrial y agroalimentaria aragonesa que entienden CAPEX de nave, camara frigorifica y logistica de fresco.;Fuera de Madrid. Sin evidencia publica de operaciones agro recientes.;ninguno;55;B;media;https://araban.es/;https://business-angel.es/directorio-redes-business-angels/;2026-09-21;nuevo
A4-018;FIDBAN - Fundacion Innovacion y Desarrollo Business Angels Network;red_angels;red de business angels del norte de Espana;Espana;Santander;https://www.fidban.com/;Red de business angels con presencia en Cantabria y otras comunidades del norte de Espana. Conecta inversores privados con proyectos emprendedores y facilita la coinversion entre sus miembros.;Red generalista del norte. No consta cartera agro especifica documentada.;desconocido;desconocido;equity|participativo;si;2026-09;-;-;-;-;formulario_web;Coinversion entre miembros para cubrir la parte privada de 100 k con varios tickets pequenos y downside protegido via prestamo participativo.;Geografia norte, lejos de Madrid. Sin tesis agro documentada.;ninguno;55;B;media;https://www.fidban.com/;https://business-angel.es/directorio-redes-business-angels/;2026-09-21;nuevo
A4-019;BAGi - Business Angels Girona;red_angels;red regional de business angels de Girona;Espana;Girona;https://www.bagi.cat/;Red de inversores privados con sede en Girona que apoya a startups y proyectos empresariales innovadores de la demarcacion y su entorno.;Territorio con fuerte gastronomia y HORECA de alta cocina. No consta cartera agro especifica documentada.;desconocido;desconocido;equity|participativo;si;2026-09;-;-;-;-;formulario_web;Region con la mayor densidad de restauracion de alta cocina de Espana: sus angels entienden de inmediato el valor de microbrotes premium para emplatado.;Red pequena y local, muy lejos de Madrid. Sin evidencia de tickets ni operaciones publicas recientes.;ninguno;52;C;media;https://www.bagi.cat/;https://business-angel.es/directorio-redes-business-angels/;2026-09-21;nuevo
A4-020;La Salle Technova Barcelona (EIX Technova);red_angels;incubadora universitaria con red de inversores;Espana;Barcelona;https://eixtechnova.org/;Iniciativa de inversion y incubacion vinculada al ecosistema tecnologico de La Salle en Barcelona. Apoya a startups de base tecnologica en su acceso a financiacion privada.;Ecosistema tecnologico generalista. No consta vertical agro o food documentada.;desconocido;desconocido;equity;si;2026-09;-;-;-;-;formulario_web;Roadmap IoT con Raspberry Pi, MQTT, Node-RED y Grafana y ERP propio en React y Supabase: perfil de base tecnologica que encaja en su criterio.;Foco deeptech y TIC, no agro. Fuera de Madrid.;ninguno;48;C;media;https://eixtechnova.org/;https://business-angel.es/directorio-redes-business-angels/;2026-09-21;nuevo
A4-021;Marbella Tech Angels;red_angels;red privada de inversores del sur de Espana;Espana;Marbella;https://www.marbellatechangels.com/;Red de aproximadamente 180 inversores, mentores y personas influyentes del sur de Espana que invierte en startups en fases tempranas.;Su fundador Andreas Mihalovits acumula mas de 70 inversiones entre las que figura Incapto Coffee, negocio de cafe de consumo directo.;desconocido;desconocido;equity;si;2026-09;Andreas Mihalovits;Fundador de Marbella Tech Angels;-;-;red_angels;Red con apetito probado por marcas de consumo y bebida con margen: Rootflow vende a 39,32 euros por kilo con margen bruto del 74-77%.;Perfil internacional y de Costa del Sol, sesgo tech. Sin evidencia de inversiones en produccion agricola.;ninguno;53;C;media;https://www.marbellatechangels.com/;https://nexencapital.com/fundraising/top-150-business-angels-en-espana/;2026-09-21;nuevo
A4-022;RECABA - Red Canaria de Business Angels;red_angels;red regional de business angels de Canarias;Espana;Las Palmas de Gran Canaria;https://recaba.es/;Red canaria de business angels que conecta inversores privados del archipielago con proyectos emprendedores en fases iniciales.;Red generalista regional. No consta cartera agro especifica documentada.;desconocido;desconocido;equity;desconocido;2026-09;-;-;-;-;formulario_web;Proyecto agro de interior con logistica corta: relevante para inversores de territorios donde el producto fresco depende de importacion.;Muy lejos de Madrid. Informacion publica escasa sobre tickets y operaciones.;ninguno;44;C;baja;https://recaba.es/;https://www.autonomosyemprendedor.es/articulo/pymes/guia-business-angels-ccaa-que-financian-toda-clase-negocios-emergentes/20240202134632034407.html;2026-09-21;nuevo
A4-023;La Cuarta;deuda_alternativa;iniciativa asturiana de financiacion alternativa para startups y pymes;Espana;Oviedo;https://lacuarta.es/;Iniciativa asturiana centrada en financiacion alternativa para startups y pymes innovadoras. Da acceso a inversores privados y acompana en la estrategia de captacion de capital.;Plataforma generalista de financiacion alternativa. No consta cartera agro documentada.;desconocido;desconocido;participativo|deuda;si;2026-09;-;-;-;-;formulario_web;Estructura de prestamo participativo con interes variable sobre EBITDA y DSCR minimo de 3,70: el tipo de operacion de financiacion alternativa que estructuran.;Foco asturiano. Sin evidencia de operaciones agro ni de ticket.;ninguno;45;C;media;https://lacuarta.es/;https://business-angel.es/directorio-redes-business-angels/;2026-09-21;nuevo
A4-024;Elephant Capital;red_angels;firma aragonesa de inversion en startups de base tecnologica;Espana;Zaragoza;https://www.elephantcapital.es/;Firma aragonesa de inversion en startups y empresas de base tecnologica que combina aportacion de capital con acompanamiento estrategico en las primeras etapas.;Firma generalista tech. No consta cartera agro documentada.;desconocido;desconocido;equity;desconocido;2026-09;-;-;-;-;formulario_web;ERP propio V72 en produccion y telemetria IoT en roadmap: componente tecnologico real sobre un negocio agro con ventas.;Web con contenido publico muy limitado. Sin tesis agro. Fuera de Madrid.;ninguno;42;C;baja;https://www.elephantcapital.es/;https://business-angel.es/directorio-redes-business-angels/;2026-09-21;nuevo
A4-025;MurciaBAN Business Angels Network;red_angels;red regional de business angels de la Region de Murcia;Espana;Murcia;-;Red de business angels de la Region de Murcia orientada a conectar inversores privados con startups y proyectos innovadores en fases tempranas.;Opera en la region espanola con mayor concentracion de industria hortofruticola y de innovacion agricola, lo que hace previsible apetito de sus inversores por agro.;desconocido;desconocido;equity|participativo;desconocido;2026-09;-;-;-;-;red_angels;Inversores con cultura hortofruticola que entienden margen por kilo, cadena de frio y venta a distribucion sin necesidad de explicar el sector.;No se ha podido verificar web oficial operativa en la fecha de verificacion. Sin datos de ticket ni operaciones publicas.;ninguno;47;C;baja;https://business-angel.es/directorio-redes-business-angels/;https://www.autonomosyemprendedor.es/articulo/pymes/guia-business-angels-ccaa-que-financian-toda-clase-negocios-emergentes/20240202134632034407.html;2026-09-21;nuevo
A4-026;GOBAN - Red de Business Angels de Castilla-La Mancha;red_angels;red regional de business angels apoyada por CEEI;Espana;Albacete;-;Red de inversores privados integrada en el ecosistema emprendedor de Castilla-La Mancha, con apoyo de los Centros Europeos de Empresas e Innovacion.;Opera en una comunidad de fuerte base agroalimentaria. No consta cartera agro especifica documentada.;desconocido;desconocido;equity|participativo;desconocido;2026-09;-;-;-;-;red_angels;Comunidad limitrofe con Madrid y con base agroalimentaria: el salto de nave al sur de Madrid queda en su radio natural de interes.;No se ha podido verificar web oficial operativa en la fecha de verificacion. Sin datos publicos de ticket ni operaciones.;ninguno;45;C;baja;https://business-angel.es/directorio-redes-business-angels/;https://economia3.com/aqui-tienes-las-redes-de-business-angels-de-espana/;2026-09-21;nuevo
A4-027;AABAN - Asociacion Andaluza Business Angels Network;red_angels;red regional de business angels de Andalucia;Espana;Sevilla;https://aaban.org/;Red de referencia en Andalucia que agrupa a inversores privados interesados en startups y empresas innovadoras y participa activamente en el ecosistema regional.;Opera en la comunidad con mayor produccion hortofruticola de Espana. No consta cartera agro especifica documentada en la fuente verificada.;desconocido;desconocido;equity|participativo;si;2026-09;-;-;-;-;red_angels;Inversores andaluces con cultura agro que valoran un productor con ventas reales y margen bruto del 74-77% mas que una promesa tecnologica.;Ya figura en la lista de identificados de Rootflow. Geografia andaluza, lejos de Las Rozas.;ninguno;52;C;alta;https://aaban.org/;https://business-angel.es/directorio-redes-business-angels/;2026-09-21;ya_identificado
A4-028;Foro Capital Pymes;red_angels;foro de inversion y financiacion para pymes;Espana;Barcelona;https://forocapitalpymes.com/;Foro de inversion y financiacion dirigido a pymes que conecta empresas que buscan capital con inversores privados e institucionales.;Foro multisectorial orientado a pymes reales con facturacion, no solo startups tecnologicas.;desconocido;desconocido;equity|participativo|deuda;si;2026-09;-;-;-;-;evento;Rootflow es una pyme productiva con clientes activos y pipeline del 77,5% del Ano 1, no una startup pre-producto: encaja mejor aqui que en foros de venture puro.;Ya figura en la lista de identificados de Rootflow. Modelo de foro con coste de participacion.;ninguno;57;B;alta;https://forocapitalpymes.com/;https://business-angel.es/directorio-redes-business-angels/;2026-09-21;ya_identificado
A4-029;Dozen Investments PSFP;crowdfunding;plataforma de crowdequity autorizada por la CNMV numero 20;Espana;Madrid;https://dozeninvestments.com/;Plataforma online de inversion en startups autorizada y supervisada por la CNMV. Selecciona startups de alto potencial y acompana al inversor desde la inversion hasta la desinversion.;Rondas abiertas verificadas en septiembre de 2026 de entre 200.000 y 1.300.000 euros. Cartera generalista sin vertical agro documentada.;200000;1300000;equity;si;2026-09;-;-;-;hello@dozeninvestments.com;formulario_web;Plataforma madrilena regulada: permite completar los 100 k privados agregando muchos tickets pequenos con deduccion IRPF por empresa de nueva creacion.;Sus rondas tipicas arrancan en 200.000 euros, por encima de la parte privada de Rootflow. Proceso de onboarding y fees de plataforma.;ninguno;62;B;alta;https://dozeninvestments.com/;https://www.cnmv.es/portal/consultas/servicios-financiacion-participativa/listado-proveedores?lang=es;2026-09-21;nuevo
A4-030;Startupxplore PSFP;crowdfunding;plataforma de crowdequity y bonos autorizada por la CNMV numero 18;Espana;Valencia;https://startupxplore.com/;Plataforma supervisada por la CNMV que da acceso desde 500 euros a startups de alto crecimiento y bonos corporativos seleccionados. Mas de 23 M de euros invertidos y mas de 90 operaciones.;Mas de 40.000 inversores registrados. En la verificacion de septiembre de 2026 no tenia rondas de equity abiertas, solo un bono corporativo.;500;desconocido;equity|deuda;si;2026-09;-;-;-;ops@startupxplore.com;formulario_web;Entrada desde 500 euros: permite convertir a clientes chefs y a la comunidad HORECA de Rootflow en pequenos inversores y embajadores comerciales.;Sin rondas de equity abiertas en la fecha de verificacion. La captacion por crowd genera un cap table amplio que hay que estructurar bien para no romper la linea roja de control.;ninguno;58;B;alta;https://startupxplore.com/es;https://www.cnmv.es/portal/consultas/servicios-financiacion-participativa/listado-proveedores?lang=es;2026-09-21;nuevo
A4-031;GoCrowd PSFP;crowdfunding;plataforma de crowdequity y crowdlending autorizada por la CNMV numero 25;Espana;Espana;https://www.gocrowd.es/;Plataforma autorizada por la CNMV que opera dos lineas, inversion en capital y prestamo, con proyectos de economia real y ticket minimo de 500 euros por inversor.;En la verificacion de septiembre de 2026 tenia abierta una campana de crowdlending para el Restaurante O Quinito por 8.000 euros: financia negocios de restauracion y hosteleria reales.;8000;desconocido;equity|deuda;si;2026-09;-;-;-;-;formulario_web;Es de las pocas plataformas CNMV que financia negocios de hosteleria y economia real de tamano pequeno: el perfil exacto de un tramo de 20-50 k para Rootflow.;Volumen historico concentrado en operaciones de prestamo. Proyectos de importe pequeno, puede no cubrir 100 k en una sola campana.;ninguno;71;B;alta;https://www.gocrowd.es/;https://www.cnmv.es/portal/consultas/servicios-financiacion-participativa/listado-proveedores?lang=es;2026-09-21;nuevo
A4-032;Fellow Funders PSFP;crowdfunding;plataforma de crowdequity autorizada por la CNMV numero 2;Espana;Madrid;https://fellowfunders.es/;Plataforma madrilena de financiacion participativa autorizada por la CNMV desde noviembre de 2022, centrada en rondas de capital para pymes y startups espanolas.;Segunda plataforma inscrita en el registro CNMV de proveedores de servicios de financiacion participativa. No se ha verificado cartera agro especifica.;desconocido;desconocido;equity;si;2022-11;-;-;-;-;formulario_web;Plataforma regulada con sede en Madrid para abrir un tramo de crowdequity local y activar la deduccion IRPF autonomica de la Comunidad de Madrid.;Web con contenido publico muy limitado en la verificacion. No se ha podido comprobar actividad de rondas recientes.;ninguno;52;C;media;https://www.cnmv.es/portal/consultas/servicios-financiacion-participativa/listado-proveedores?lang=es;https://fellowfunders.es/;2026-09-21;nuevo
A4-033;Bolsa Social (PSFP CNMV numero 6);crowdfunding;plataforma de crowdequity de impacto autorizada por la CNMV;Espana;Madrid;https://www.bolsasocial.com/;Plataforma de inversion de impacto autorizada por la CNMV. Comunidad de 12.820 miembros, 15,4 M de euros invertidos, 60 rondas financiadas y 53 empresas de impacto en cartera.;Cartera de empresas con impacto social y medioambiental. Ha integrado su actividad con Goparity para la continuidad de la inversion de impacto en Iberia.;desconocido;desconocido;equity|deuda;si;2026-09;-;-;-;-;formulario_web;Hidroponia con ahorro de agua, KM0 y empleo local en Madrid: relato de impacto medible con retorno financiero real y TIR base del 33%.;Ha derivado su comunidad inversora a Goparity, lo que hace dudar de que siga originando rondas de equity propias. Verificar estado antes de invertir tiempo.;ninguno;56;B;media;https://www.bolsasocial.com/;https://www.cnmv.es/portal/consultas/servicios-financiacion-participativa/listado-proveedores?lang=es;2026-09-21;nuevo
A4-034;Goparity;crowdfunding;plataforma europea de inversion de impacto que opera en Espana;Portugal;Lisboa;https://goparity.com/;Plataforma de inversion sostenible que financia proyectos con impacto social y medioambiental en Iberia y que ha integrado la comunidad inversora de Bolsa Social.;Plataforma de impacto con proyectos de sostenibilidad. No se ha verificado cartera agro espanola especifica.;desconocido;desconocido;deuda;si;2026-09;-;-;-;hello@goparity.com;formulario_web;Financiacion de impacto en formato deuda para el CAPEX de la nave: eficiencia hidrica, KM0 y empleo local con flujos B2B recurrentes que dan DSCR 3,70.;Entidad portuguesa. Instrumento de deuda, no equity. Verificar su habilitacion concreta para operar en Espana antes de avanzar.;ninguno;50;C;media;https://goparity.com/;https://www.bolsasocial.com/;2026-09-21;nuevo
A4-035;SEGO Finance (Sociosinversores 2010 PSFP CNMV numero 7);crowdfunding;plataforma de crowdequity factoring y venture autorizada por la CNMV;Espana;Madrid;https://venture.segofinance.com/;Plataforma de inversion alternativa autorizada por la CNMV con lineas de inversion en startups, factoring e inmobiliario. Su vertical de venture es SEGO Venture.;Plataforma multiproducto. Su linea de factoring es directamente aplicable al circulante de Rootflow, que ya tiene modelado factoring del 60% de facturas.;desconocido;desconocido;equity|deuda;si;2026-09;-;-;-;-;formulario_web;Doble encaje: tramo de equity via SEGO Venture y factoring del 60% de facturas B2B ya contemplado en el plan de circulante.;SEGO Venture ya figura en la lista de identificados de Rootflow. Fees de plataforma y proceso de due diligence propio.;ninguno;63;B;alta;https://venture.segofinance.com/;https://www.cnmv.es/portal/consultas/servicios-financiacion-participativa/listado-proveedores?lang=es;2026-09-21;ya_identificado
A4-036;Crowdcube Europe PSFP;crowdfunding;plataforma de crowdequity autorizada por la CNMV numero 1;Espana;Barcelona;https://www.crowdcube.eu/;Primera plataforma inscrita en el registro CNMV de proveedores de servicios de financiacion participativa, en noviembre de 2022. Filial europea de la mayor plataforma de crowdequity del Reino Unido.;Tiene acuerdo con Food Business Angels para que las startups de esa red completen su financiacion a traves de la plataforma, accediendo a inversores privados de toda Europa.;desconocido;desconocido;equity;si;2026-09;-;-;-;-;formulario_web;Via natural de continuidad si Rootflow entra por Food Business Angels: el acuerdo entre ambas permite cerrar el tramo restante de la ronda con inversores europeos.;Plataforma orientada a rondas grandes y campanas de marketing costosas. Cap table muy disperso, riesgo para la linea roja de control de los fundadores.;ninguno;50;C;media;https://www.cnmv.es/portal/consultas/servicios-financiacion-participativa/listado-proveedores?lang=es;https://elreferente.es/tecnologicos/eatable-adventures-lanza-food-business-angels/;2026-09-21;nuevo
A4-037;Crowpire PSFP;crowdfunding;plataforma de financiacion participativa autorizada por la CNMV numero 13;Espana;Espana;https://www.crowpire.com/;Plataforma de financiacion participativa autorizada por la CNMV en noviembre de 2023 que se define como inversion en comunidad.;No se ha verificado cartera agro ni food especifica en la plataforma.;desconocido;desconocido;equity|deuda;desconocido;2023-11;-;-;-;-;formulario_web;Plataforma regulada de tamano pequeno donde una operacion de 40-50 k tiene peso y visibilidad, frente a las grandes plataformas.;Informacion publica muy limitada. Sin evidencia de operaciones recientes ni de tesis sectorial.;ninguno;42;C;baja;https://www.cnmv.es/portal/consultas/servicios-financiacion-participativa/listado-proveedores?lang=es;https://www.crowpire.com/;2026-09-21;nuevo
A4-038;BDKapital (Business Dream Factory PSFP CNMV numero 23);crowdfunding;proveedor de servicios de financiacion participativa;Espana;Espana;https://www.bdkapital.es/;Proveedor de servicios de financiacion participativa autorizado por la CNMV en abril de 2024.;No se ha verificado cartera agro ni food especifica.;desconocido;desconocido;equity|deuda;desconocido;2024-04;-;-;-;-;formulario_web;Plataforma regulada reciente que busca dealflow: una pyme productiva con ventas y pipeline es un activo atractivo para su catalogo.;Web con contenido publico casi nulo en la verificacion. Sin evidencia de operaciones cerradas.;ninguno;38;C;baja;https://www.cnmv.es/portal/consultas/servicios-financiacion-participativa/listado-proveedores?lang=es;https://www.bdkapital.es/;2026-09-21;nuevo
A4-039;Capital Cell PSFP;crowdfunding;plataforma de crowdequity especializada en ciencias de la vida CNMV numero 12;Espana;Barcelona;https://capitalcell.com/;Plataforma de crowdequity autorizada por la CNMV especializada en biotecnologia y ciencias de la vida. Es socio institucional de BIGBAN.;Especializacion declarada en biotech y salud. Sin encaje con produccion agricola en entorno controlado.;desconocido;desconocido;equity;si;2023-11;-;-;-;-;formulario_web;Solo tendria encaje si Rootflow desarrollase una linea de I+D en biotecnologia vegetal, lo que hoy no forma parte del plan.;Especializacion exclusiva en ciencias de la vida: encaje sectorial practicamente nulo para Rootflow. Se incluye solo para descartarlo de forma documentada.;ninguno;25;C;alta;https://www.cnmv.es/portal/consultas/servicios-financiacion-participativa/listado-proveedores?lang=es;https://capitalcell.com/;2026-09-21;nuevo
A4-040;Buecor and Partners PSFP;crowdfunding;proveedor de servicios de financiacion participativa CNMV numero 15;Espana;Espana;https://www.buecor.com/;Proveedor de servicios de financiacion participativa inscrito en el registro de la CNMV en diciembre de 2023.;No se ha verificado cartera agro ni food especifica.;desconocido;desconocido;equity|deuda;desconocido;2023-12;-;-;-;-;formulario_web;Plataforma regulada de nicho: util solo como via alternativa si fallan las plataformas principales.;Web protegida contra acceso automatizado y sin informacion publica verificable sobre tesis ni operaciones.;ninguno;35;C;baja;https://www.cnmv.es/portal/consultas/servicios-financiacion-participativa/listado-proveedores?lang=es;https://www.buecor.com/;2026-09-21;nuevo
A4-041;Adventurees Capital PFP (Alius Cap);crowdfunding;plataforma de financiacion participativa CNMV numero 11;Espana;Espana;https://www.aliuscap.com/;Plataforma de financiacion participativa autorizada por la CNMV en noviembre de 2023, inscrita bajo la denominacion Adventurees Capital PFP.;No se ha verificado cartera agro ni food especifica.;desconocido;desconocido;equity;desconocido;2023-11;-;-;-;-;formulario_web;Alternativa regulada adicional para un tramo de crowdequity si las plataformas principales no encajan.;La web indicada en el registro de la CNMV no respondia en la fecha de verificacion. Confirmar que sigue operativa antes de contactar.;ninguno;32;C;baja;https://www.cnmv.es/portal/consultas/servicios-financiacion-participativa/listado-proveedores?lang=es;https://www.cnmv.es/portal/consultas/servicios-financiacion-participativa/listado-proveedores?lang=es;2026-09-21;nuevo
A4-042;Sodacrowd PSFP;crowdfunding;proveedor de servicios de financiacion participativa CNMV numero 16;Espana;Espana;https://www.sodacrowd.com/;Proveedor de servicios de financiacion participativa inscrito en el registro de la CNMV en diciembre de 2023.;No se ha verificado cartera agro ni food especifica.;desconocido;desconocido;equity|deuda;desconocido;2023-12;-;-;-;-;formulario_web;Alternativa regulada adicional. Prioridad baja.;La web devolvia error 404 en la fecha de verificacion pese a figurar en el registro de la CNMV. Confirmar actividad antes de contactar.;ninguno;30;C;baja;https://www.cnmv.es/portal/consultas/servicios-financiacion-participativa/listado-proveedores?lang=es;https://www.sodacrowd.com/;2026-09-21;nuevo
A4-043;Crowdfunding Bizkaia PSFP;crowdfunding;plataforma publica de financiacion participativa de Bizkaia CNMV numero 14;Espana;Bilbao;https://crowdfundingbizkaia.com/;Plataforma publica de financiacion participativa autorizada por la CNMV que financia empresas de Bizkaia para impulsar proyectos innovadores y sostenibles.;Enfoque en proyectos innovadores y sostenibles del territorio de Bizkaia.;desconocido;desconocido;equity|deuda;si;2026-09;-;-;-;-;formulario_web;Modelo de referencia de plataforma publica territorial, util como precedente ante Las Rozas Innova y la Comunidad de Madrid.;Solo financia empresas de Bizkaia: Rootflow no es elegible. Se incluye como referencia de modelo, no como inversor accesible.;ninguno;22;C;alta;https://crowdfundingbizkaia.com/es/;https://www.cnmv.es/portal/consultas/servicios-financiacion-participativa/listado-proveedores?lang=es;2026-09-21;nuevo
A4-044;ECrowd! Invest PSFP;crowdfunding;crowdlending de proyectos con impacto positivo CNMV numero 17;Espana;Barcelona;https://www.ecrowdinvest.com/;Primera plataforma espanola de crowdlending para proyectos con impacto directo positivo, autorizada por la CNMV en diciembre de 2023. Financia economia real y sostenible.;Tesis de impacto directo en economia real y sostenibilidad, con proyectos de eficiencia energetica y recursos. Encaja con el CAPEX de clima, aislamiento y camara frigorifica.;desconocido;desconocido;deuda;si;2026-09;-;-;-;-;formulario_web;Financiar el CAPEX duro de la nave con deuda de impacto sin diluir: eficiencia hidrica y energetica de la hidroponia mas flujos B2B recurrentes con DSCR 3,70.;Solo deuda, no aporta fondos propios y por tanto no desbloquea ENISA ni SAECA. Complemento, no sustituto del inversor privado.;ninguno;57;B;alta;https://www.ecrowdinvest.com/;https://www.cnmv.es/portal/consultas/servicios-financiacion-participativa/listado-proveedores?lang=es;2026-09-21;nuevo
A4-045;MytripleA Financiacion PFP;crowdfunding;plataforma de prestamos y factoring para empresas CNMV numero 10;Espana;Soria;https://mytriplea.com/;Plataforma autorizada por la CNMV con soluciones de financiacion para empresas: factoring, confirming y prestamos financiados por inversores particulares e institucionales.;Financia pymes de economia real de todos los sectores. Su linea de factoring aplica directamente a facturas B2B de distribucion alimentaria.;desconocido;desconocido;deuda;si;2026-09;-;-;-;-;formulario_web;El plan de circulante de Rootflow ya contempla factoring del 60% de facturas: esta es una via directa y rapida para montarlo sin banco.;Solo deuda y circulante: no cubre la necesidad de fondos propios que desbloquea ENISA y SAECA.;ninguno;56;B;alta;https://mytriplea.com/;https://www.cnmv.es/portal/consultas/servicios-financiacion-participativa/listado-proveedores?lang=es;2026-09-21;nuevo
A4-046;Colectual PSFP;crowdfunding;plataforma de crowdlending para pymes CNMV numero 21;Espana;Valencia;https://www.colectual.com/;Sociedad economica para el desarrollo de la financiacion alternativa, autorizada por la CNMV en diciembre de 2023 como proveedor de servicios de financiacion participativa para pymes.;Financia pymes espanolas de economia real. No se ha verificado cartera agro especifica.;desconocido;desconocido;deuda;si;2023-12;-;-;-;-;formulario_web;Prestamo a pyme con flujos B2B recurrentes y contratos de distribucion en marcha, sin dilucion ni aval personal.;Solo deuda. Web con acceso limitado en la verificacion. No aporta fondos propios.;ninguno;45;C;media;https://www.cnmv.es/portal/consultas/servicios-financiacion-participativa/listado-proveedores?lang=es;https://www.colectual.com/;2026-09-21;nuevo
A4-047;Cresor (Stockcrowd Platform PSFP CNMV numero 19);crowdfunding;crowdlending inmobiliario y empresarial autorizado por la CNMV;Espana;Barcelona;https://www.cresor.com/;Plataforma autorizada por la CNMV de crowdlending inmobiliario y empresarial con inversion desde 250 euros en proyectos seleccionados.;Foco mayoritario en proyectos inmobiliarios, con linea empresarial complementaria.;desconocido;desconocido;deuda;si;2026-09;-;-;-;-;formulario_web;Su linea empresarial podria financiar la adaptacion de la nave del sur de Madrid como operacion de deuda garantizada por flujos.;Foco predominante inmobiliario. Solo deuda. Encaje bajo con una ronda de fondos propios.;ninguno;38;C;media;https://www.cnmv.es/portal/consultas/servicios-financiacion-participativa/listado-proveedores?lang=es;https://www.cresor.com/es;2026-09-21;nuevo
A4-048;EvenFi Fintech PSFP;crowdfunding;infraestructura y plataforma de financiacion participativa CNMV numero 5;Espana;Espana;https://evenfi.com/;Plataforma e infraestructura de crowdfunding regulada en Europa, autorizada por la CNMV en febrero de 2023, que permite lanzar campanas de financiacion participativa conformes con la normativa europea.;Infraestructura multisectorial. No se ha verificado cartera agro especifica.;desconocido;desconocido;equity|deuda;si;2023-02;-;-;-;-;formulario_web;Opcion para montar una campana propia de crowdequity dirigida a la comunidad de chefs y clientes de Rootflow bajo paraguas regulatorio europeo.;Enfoque de infraestructura tecnologica mas que de originacion de inversores. Requiere que Rootflow aporte su propia base de inversores.;ninguno;40;C;media;https://www.cnmv.es/portal/consultas/servicios-financiacion-participativa/listado-proveedores?lang=es;https://evenfi.com/;2026-09-21;nuevo
A4-049;Carlos Ortiz de Lucas;angel;cofundador de Aloha Poke, operador de restauracion y retail alimentario;Espana;Madrid;-;Business angel agnostico con tesis declarada en foodtech y consumo. Invierte en fase pre-seed con tickets de 5.000 a 25.000 euros.;Cofundador de Aloha Poke, cadena de restauracion. Operador de retail y alimentacion con foco en escalado fisico, franquicias y experiencia de marca. Inversiones destacadas P-KAP y Kultur.;5000;25000;equity|CeP;si;2026-09;Carlos Ortiz de Lucas;Cofundador de Aloha Poke y business angel;https://www.linkedin.com/in/carlos-ortiz-startup-advisor;-;intro_calida;Operador de restauracion en Madrid: su red de compras y de chefs es valor comercial inmediato para Rootflow y su ticket de 5-25 k encaja con el Plan C de 2 CeP de 20-25 k.;Ticket individual pequeno, requiere sindicar con otros angels. Evidencia procedente de un listado sectorial, sin fecha de operacion concreta.;ninguno;86;A;media;https://nexencapital.com/fundraising/top-150-business-angels-en-espana/;https://www.linkedin.com/in/carlos-ortiz-startup-advisor;2026-09-21;nuevo
A4-050;Alberto Jimenez San Mateo;angel;cofundador de Smileat, alimentacion infantil ecologica;Espana;Madrid;-;Business angel con tesis en health, foodtech y movilidad. Invierte en 3F, pre-seed y seed con tickets de 5.000 a 25.000 euros. Aporta vision de canal y retail y optimizacion de supply chain.;Cofundador de Smileat, marca espanola de alimentacion infantil ecologica que factura mas de 8 M de euros y compite con Hero y Nestle. Inversiones en Jobandtalent, Luda Partners, Petcoach, Velohub y Payflow.;5000;25000;equity|CeP;si;2026-09;Alberto Jimenez San Mateo;Cofundador de Smileat y business angel;https://www.linkedin.com/in/albertojimenezsanmateo;-;intro_calida;Ha construido una marca de alimentacion desde cero en Madrid y conoce el canal retail y la cadena de suministro de fresco: puede abrir puertas de distribucion ademas de poner ticket.;Ticket individual pequeno, requiere sindicacion. Su cartera es mayoritariamente digital, no produccion agricola. Evidencia de listado sin fecha de operacion concreta.;ninguno;84;A;media;https://nexencapital.com/fundraising/top-150-business-angels-en-espana/;https://elreferente.es/emprendedores/alberto-jimenez/;2026-09-21;nuevo
A4-051;Andres Casal Goicoechea;angel;cofundador y co-CEO de Wetaca, foodtech de comida preparada;Espana;Andalucia;-;Business angel con tesis exclusiva en foodtech. Invierte en pre-seed con tickets de 5.000 a 25.000 euros y busca negocios de repeticion con margenes claros.;Cofundador y co-CEO de Wetaca, con entendimiento profundo del consumidor y de operaciones de alimentacion. Inversiones en Viver Kombucha, Incapto, Laagam, Tacter, Honei, Zrive y Frankie the King.;5000;25000;equity|CeP;si;2026-09;Andres Casal Goicoechea;Cofundador y co-CEO de Wetaca;https://www.linkedin.com/in/andrescasal;-;intro_calida;Busca negocios de repeticion con margenes claros: Rootflow vende cosecha viva bajo pedido a clientes HORECA recurrentes con margen bruto del 74-77%.;Ticket pequeno. Reside fuera de Madrid, lo que resta al argumento de proyecto visitable. Evidencia de listado sin fecha de operacion concreta.;ninguno;79;A;media;https://nexencapital.com/fundraising/top-150-business-angels-en-espana/;https://elreferente.es/emprendedores/andres-casal/;2026-09-21;nuevo
A4-052;Sebastien Chartier;angel;fundador de CreaCapital y de Kara Consultores de Restauracion;Espana;Madrid;-;Inversor privado y fundador de varias companias, entre ellas una consultora especializada en restauracion. Invierte en startups digitales y de consumo.;Fundador de Kara Consultores de Restauracion y de CreaCapital. Su cartera incluye proyectos ligados a alimentacion y restauracion como Dietox, ademas de Otogami Technologies, Agora News, Reclamador, The Mad Video, Singularu y Helloumi.;desconocido;desconocido;equity|CeP;si;2026-09;Sebastien Chartier;Fundador de CreaCapital y de Kara Consultores de Restauracion;-;-;intro_calida;Consultor de restauracion con cartera inversora: entiende la cuenta de explotacion de un restaurante y por tanto el valor real de un microbrote KM0 en el emplatado.;No se ha podido verificar ticket, actividad reciente ni ciudad exacta con fuente primaria. Verificar antes de contactar.;ninguno;66;B;baja;https://emprendedores.es/startups/espanolas/business-angels-inversores/;https://emprendedores.es/gestion/business-angels-inversores/;2026-09-21;nuevo
A4-053;Marcos Alves;angel;directivo de ElTenedor y Luda Partners, inversor en food;Espana;Madrid;-;Directivo del sector de plataformas de restauracion y distribucion que invierte activamente en companias relacionadas con alimentacion.;CEO de ElTenedor, plataforma de reservas de restaurantes, y director de crecimiento de Luda Partners. Invierte de forma activa en companias relacionadas con la alimentacion.;desconocido;desconocido;equity|CeP;si;2026-09;Marcos Alves;Directivo de ElTenedor y de Luda Partners;-;-;intro_calida;Su red es literalmente la base de datos de restaurantes de Espana: el canal directo a chef de Rootflow se multiplica con una introduccion suya.;Evidencia procedente de un unico listado editorial, sin fecha ni importe de operaciones. Verificar cargo actual antes de contactar.;ninguno;70;B;baja;https://emprendedores.es/startups/espanolas/business-angels-inversores/;https://emprendedores.es/gestion/business-angels-inversores/;2026-09-21;nuevo
A4-054;Carles Leg;angel;business angel con foco en foodtech e impacto;Espana;Barcelona;-;Tres decadas ayudando a startups a escalar con enfoque muy operativo. Tesis declarada en foodtech e impacto. Invierte en 3F y pre-seed con tickets de 5.000 a 25.000 euros.;Sensibilidad declarada por impacto y alimentacion sostenible. Inversiones destacadas en Bleta e Insectius, esta ultima de proteina de insecto para alimentacion.;5000;25000;equity|CeP;si;2026-09;Carles Leg;Business angel;-;-;intro_calida;Perfil de alimentacion sostenible con enfoque operativo: la hidroponia de precision con cosecha bajo pedido y zero inventory es exactamente su tipo de tesis.;Ticket pequeno y geografia catalana. Su email publicado es personal y no debe usarse sin consentimiento.;ninguno;70;B;media;https://nexencapital.com/fundraising/top-150-business-angels-en-espana/;https://nexencapital.com/fundraising/top-150-business-angels-en-espana/;2026-09-21;nuevo
A4-055;Marc Ferran;angel;fundador de Keiro Partners y Claranuts, inversor en agrotech;Espana;Barcelona;-;Economista y fundador de Keiro Partners y Claranuts, cofundador de Toubkal Partners, con presencia en mas de treinta startups desde fases semilla eficientes en capital. Tesis declarada en agrotech.;Fundador de Claranuts, negocio de frutos secos. Inversion destacada en Agrosingularity, startup de valorizacion de subproductos agroalimentarios. Tambien en Holded, Scoolinary, Tacter, Guruwalk, Habitissimo, Woom, Flanks y Yaba.;5000;25000;equity|CeP;si;2026-09;Marc Ferran;Fundador de Keiro Partners y Claranuts;https://www.linkedin.com/in/marc-ferran-00092a7;-;intro_calida;Invierte en agrotech desde fases semilla eficientes en capital y ayuda con cap table y paneles de metricas: perfil ideal para una ronda de 100 k bien estructurada.;Ticket pequeno y base en Barcelona. Evidencia de listado sin fecha de operacion concreta.;ninguno;74;B;media;https://nexencapital.com/fundraising/top-150-business-angels-en-espana/;https://www.linkedin.com/in/marc-ferran-00092a7;2026-09-21;nuevo
A4-056;Marta Campillo;angel;analista de inversiones en BStartup de Banco Sabadell y business angel;Espana;Barcelona;-;Analista de inversiones con experiencia previa en ACCIO y Esade BAN. Invierte en pre-seed con tickets de 5.000 a 25.000 euros y aporta criterio institucional y acceso a coinversion.;Inversiones destacadas en MOA Foodtech, proteina alternativa a partir de subproductos agroalimentarios, y en Incapto, cafe de consumo directo. Tambien Oxolife, Kymatio, Cafler, Trustiu, Froged y Qbeast.;5000;25000;equity|CeP;si;2026-09;Marta Campillo;Analista de inversiones en BStartup de Banco Sabadell;https://www.linkedin.com/in/mcampillo;-;intro_calida;Doble puerta: ticket propio como angel y acceso a BStartup de Banco Sabadell, ya en la lista de identificados de Rootflow, mas su red de coinversion de Esade BAN.;Su rol institucional puede limitar la inversion personal. BStartup ya figura en la lista de identificados. Base en Barcelona.;ninguno;72;B;media;https://nexencapital.com/fundraising/top-150-business-angels-en-espana/;https://www.linkedin.com/in/mcampillo;2026-09-21;nuevo
A4-057;Emilio Nicolas Riquelme;angel;cofundador de Erasmusu, inversor con preferencia por proyectos de Murcia;Espana;Murcia;-;Ingeniero y cofundador de Erasmusu con salida a Spotahome. Invierte en 3F, pre-seed y seed con tickets de 5.000 a 25.000 euros y aporta producto, growth y red local.;Inversion destacada en Agrosingularity, startup de valorizacion de subproductos agroalimentarios. Tambien en Tacter, GrowPro, ReadyMe, Nido Robotics y Erasmusu.;5000;25000;equity|CeP;si;2026-09;Emilio Nicolas Riquelme;Cofundador de Erasmusu y business angel;https://www.linkedin.com/in/emilionicolas;-;intro_calida;Su red local murciana conecta con el mayor cluster hortofruticola de Espana, util tanto para inversion como para acuerdos de distribucion.;Preferencia declarada por proyectos proximos a Murcia, lo que penaliza a un proyecto de Las Rozas. Ticket pequeno.;ninguno;66;B;media;https://nexencapital.com/fundraising/top-150-business-angels-en-espana/;https://www.linkedin.com/in/emilionicolas;2026-09-21;nuevo
A4-058;Marc Borras;angel;ingeniero industrial y disenador, business angel con tesis agrotech;Espana;Barcelona;-;Ingeniero industrial y disenador con mentalidad de producto. Tesis declarada que incluye agrotech. Invierte en 3F y pre-seed con tickets de 5.000 a 25.000 euros.;Agrotech figura entre sus sectores de tesis declarados. Inversion destacada en Antai Ventures.;5000;25000;equity|CeP;si;2026-09;Marc Borras;Business angel;https://www.linkedin.com/in/marcborras;-;intro_calida;Perfil de ingenieria industrial y producto: puede aportar criterio real en el diseno de la nave de 350-432 m2 y en la automatizacion del cultivo.;Cartera agro documentada muy limitada. Ticket pequeno. Base en Barcelona.;ninguno;63;B;media;https://nexencapital.com/fundraising/top-150-business-angels-en-espana/;https://www.linkedin.com/in/marcborras;2026-09-21;nuevo
A4-059;Felix Ruiz Hernandez;angel;fundador de Tuenti y Playtomic, inversor con tesis foodtech;Espana;Madrid;-;Fundador de Tuenti y ex presidente de Jobandtalent, fundador y co-CEO de Playtomic y Storybeat. Tesis que incluye foodtech, marketplace y ecommerce. Tickets de 5.000 a 25.000 euros en 3F, pre-seed y seed.;Inversiones destacadas en Glovo y Fudeat, ambas del ambito de alimentacion y delivery. Tambien Jobandtalent, Wegow, Syltek, Vitcord y Black Limba.;5000;25000;equity|CeP;si;2026-09;Felix Ruiz Hernandez;Fundador de Tuenti y co-CEO de Playtomic;https://www.linkedin.com/in/felix-ruiz-hernandez-694ba113;-;intro_calida;Angel madrileno de primer nivel con historial en alimentacion y delivery: su entrada valida la ronda ante el resto del sindicato.;Perfil muy digital y de escalabilidad internacional, no de produccion agricola. Dealflow muy competido.;ninguno;70;B;media;https://nexencapital.com/fundraising/top-150-business-angels-en-espana/;https://www.linkedin.com/in/felix-ruiz-hernandez-694ba113;2026-09-21;nuevo
A4-060;Francois Derbaix;angel;cofundador de Indexa Capital y de Bewater Funds, inversor con tesis foodtech;Espana;Madrid;-;Cofundador y CEO de Indexa Capital y cofundador de Bewater Funds, emprendedor en Toprural, Rentalia, Aplazame y Soysuper. Tesis agnostica que incluye foodtech. Tickets de 5.000 a 25.000 euros.;Cofundador de Soysuper, comparador de supermercados online. Inversor en decenas de startups con ecosistema de coinversion maduro.;5000;25000;equity|CeP|revenue_share;si;2026-09;Francois Derbaix;Cofundador y CEO de Indexa Capital y cofundador de Bewater Funds;https://www.linkedin.com/in/fderbaix;-;intro_calida;Bewater Funds invierte en companias rentables sin salida forzada, filosofia compatible con dividendos bloqueados y retorno via participativo mas kicker.;Bewater Funds ya figura en la lista de identificados de Rootflow. Enfoque analitico muy exigente en metricas y eficiencia de capital.;ninguno;71;B;media;https://nexencapital.com/fundraising/top-150-business-angels-en-espana/;https://www.linkedin.com/in/fderbaix;2026-09-21;nuevo
A4-061;Jose Ignacio Solaeche;angel;directivo comercial y de compras, business angel multisector con tesis foodtech;Espana;Madrid;-;Directivo con experiencia en areas comercial, compras y direccion de unidad de negocio. Tesis que incluye foodtech. Tickets de 5.000 a 25.000 euros en 3F y pre-seed.;Foodtech figura entre sus sectores de tesis declarados. Cartera amplia y multisector con Signaturit, Silence, Exoticca, Union Avatars, Validated ID, Pharmacelera, Neutroon y Talent Clue.;5000;25000;equity|CeP;si;2026-09;Jose Ignacio Solaeche;Directivo y business angel;https://www.linkedin.com/in/joseignaciosolaeche;-;intro_calida;Perfil de direccion comercial y compras en Madrid: aporta profesionalizacion de la venta a distribucion y negociacion con mayoristas ademas del ticket.;Cartera sin operaciones agro documentadas. Ticket pequeno. Evidencia de listado sin fecha de operacion concreta.;ninguno;68;B;media;https://nexencapital.com/fundraising/top-150-business-angels-en-espana/;https://www.linkedin.com/in/joseignaciosolaeche;2026-09-21;nuevo
A4-062;Albert Gutierrez;angel;ejecutivo e inversor con tesis que incluye foodtech;Espana;Barcelona;-;Ejecutivo e inversor orientado a crecimiento organico, negociacion y desarrollo de negocio, con enfasis en unit economics y escalabilidad. Tickets de 5.000 a 25.000 euros en pre-seed.;Foodtech figura entre sus sectores de tesis declarados. Cartera en PLD Space, Boopos, Payflow, Criptan, Sesame, Sunsave y Vero Intelligence.;5000;25000;equity|CeP;si;2026-09;Albert Gutierrez;Business angel;https://www.linkedin.com/in/alberto-gutierrez-3a74061;-;intro_calida;Enfasis declarado en unit economics: Rootflow tiene precio medio directo de 39,32 euros por kilo y margen bruto del 74-77%, datos que resisten su analisis.;Sin operaciones agro documentadas pese a declarar foodtech. Ticket pequeno. Base en Barcelona.;ninguno;60;B;media;https://nexencapital.com/fundraising/top-150-business-angels-en-espana/;https://www.linkedin.com/in/alberto-gutierrez-3a74061;2026-09-21;nuevo
A4-063;Jose Carlos Cortizo;angel;especialista en growth y producto con tesis foodtech;Espana;Comunitat Valenciana;-;Especialista en growth, optimizacion de conversion y diseno de producto. Tesis en pettech, sportech, blockchain y foodtech. Tickets de 5.000 a 25.000 euros en pre-seed.;Inversion destacada en Frankie The King, marca de consumo alimentario. Tambien en Tuvalum, Clotsy Brand, CommonSense y Gloop.;5000;25000;equity|CeP;si;2026-09;Jose Carlos Cortizo;Business angel;https://www.linkedin.com/in/jccortizo;-;intro_calida;Perfil de growth para marcas de consumo: util para escalar la venta directa a chef y la marca blanca para distribuidores y fruterias.;Perfil digital y de marca, sin experiencia en produccion agricola. Ticket pequeno. Fuera de Madrid.;ninguno;59;B;media;https://nexencapital.com/fundraising/top-150-business-angels-en-espana/;https://www.linkedin.com/in/jccortizo;2026-09-21;nuevo
A4-064;Gerard Olive;angel;cofundador y co-CEO de Antai Venture Builder;Espana;Barcelona;-;Cofundador y co-CEO de Antai Venture Builder y fundador de BeRepublic. Mas de una docena de negocios digitales impulsados. Tesis que incluye foodtech. Tickets de 5.000 a 25.000 euros.;Inversiones destacadas en Glovo y Deliberry, ambas de distribucion de alimentacion. Tambien Nemuru, Gocleer, Vitaance, Elma, Shopery, SingularCover, Prontopiso, MyInvestor y CornerJob.;5000;25000;equity|CeP;si;2026-09;Gerard Olive;Cofundador y co-CEO de Antai Venture Builder;https://www.linkedin.com/in/gerardolive;-;intro_calida;Experiencia en marketplaces de alimentacion y acceso a talento: util si Rootflow abre canal digital directo a restaurantes.;Perfil de venture building digital con poca afinidad a produccion agricola fisica. Base en Barcelona. Dealflow muy competido.;ninguno;58;B;media;https://nexencapital.com/fundraising/top-150-business-angels-en-espana/;https://www.linkedin.com/in/gerardolive;2026-09-21;nuevo
